'Frame','Jitter'
'0','0.200015'
'1','0.200001'
'2','0.200001'
'3','0.200002'
'4','0.200001'
'5','0.2'
'6','0.200001'
'7','0.2'
'8','0.200002'
'9','0.200001'
'10','0.200001'
'11','0.2'
'12','0.200001'
'13','0.200002'
'14','0.200002'
'15','0.2'
'16','0.200001'
'17','0.2'
'18','0.200001'
'19','0.200002'
'20','0.2'
'21','0.200001'
'22','0.200002'
'23','0.2'
'24','0.200001'
'25','0.200001'
'26','0.2'
'27','0.2'
'28','0.2'
'29','0.2'
'30','0.2'
'31','0.200001'
'32','0.200001'
'33','0.200001'
'34','0.2'
'35','0.2'
'36','0.2'
'37','0.200001'
'38','0.200001'
'39','0.200001'
'40','0.200001'
'41','0.200001'
'42','0.200001'
'43','0.200001'
'44','0.200001'
'45','0.2'
'46','0.2'
'47','0.200001'
'48','0.2'
'49','0.200001'
'50','0.200001'
'51','0.200001'
'52','0.200001'
'53','0.2'
'54','0.2'
'55','0.200001'
'56','0.200001'
'57','0.2'
'58','0.2'
'59','0.200001'
'60','0.2'
'61','0.200001'
'62','0.200001'
'63','0.200001'
'64','0.2'
'65','0.2'
'66','0.200001'
'67','0.2'
'68','0.2'
'69','0.2'
'70','0.2'
'71','0.200001'
'72','0.200001'
'73','0.2'
'74','0.2'
'75','0.200001'
'76','0.200001'
'77','0.2'
'78','0.200001'
'79','0.200001'
'80','0.2'
'81','0.200001'
'82','0.2'
'83','0.2'
'84','0.2'
'85','0.200001'
'86','0.200001'
'87','0.200001'
'88','0.200001'
'89','0.200001'
'90','0.200001'
'91','0.2'
'92','0.200001'
'93','0.200001'
'94','0.2'
'95','0.2'
'96','0.200001'
'97','0.200001'
'98','0.2'
'99','0.200001'
'100','0.200001'
'101','0.2'
'102','0.200001'
'103','0.200001'
'104','0.200001'
'105','0.200001'
'106','0.2'
'107','0.2'
'108','0.2'
'109','0.2'
'110','0.200001'
'111','0.200001'
'112','0.2'
'113','0.200001'
'114','0.2'
'115','0.200001'
'116','0.2'
'117','0.200001'
'118','0.200001'
'119','0.200001'
'120','0.200001'
'121','0.2'
'122','0.2'
'123','0.2'
'124','0.200001'
'125','0.200001'
'126','0.200023'
'127','0.2'
'128','0.2'
'129','0.2'
'130','0.2'
'131','0.200001'
'132','0.200001'
'133','0.200001'
'134','0.200001'
'135','0.200001'
'136','0.2'
'137','0.200001'
'138','0.2'
'139','0.2'
'140','0.2'
'141','0.2'
'142','0.200001'
'143','0.2'
'144','0.200001'
'145','0.200001'
'146','0.200001'
'147','0.2'
'148','0.200001'
'149','0.2'
'150','0.2'
'151','0.200001'
'152','0.909011'
'153','0.2'
'154','0.2'
'155','0.200001'
'156','0.200001'
'157','0.212375'
'158','0.200001'
'159','0.200001'
'160','0.2'
'161','0.200019'
'162','0.200001'
'163','0.2'
'164','0.2'
'165','0.200001'
'166','0.2'
'167','0.200068'
'168','0.200001'
'169','0.200001'
'170','0.2'
'171','0.200001'
'172','0.200007'
'173','0.200001'
'174','0.2'
'175','0.200001'
'176','0.200001'
'177','0.200001'
'178','0.2'
'179','0.2'
'180','0.200001'
'181','0.200001'
'182','0.2'
'183','0.200001'
'184','0.200001'
'185','0.2'
'186','0.200001'
'187','0.2'
'188','0.200001'
'189','0.2'
'190','0.200001'
'191','0.200001'
'192','0.200002'
'193','0.200001'
'194','0.200001'
'195','0.2'
'196','0.2'
'197','0.200001'
'198','0.2'
'199','0.200001'
'200','0.2'
'201','0.2'
'202','0.200001'
'203','0.2'
'204','0.2'
'205','0.2'
'206','0.200001'
'207','0.200001'
'208','0.2'
'209','0.200001'
'210','0.200001'
'211','0.2'
'212','0.200001'
'213','0.200001'
'214','0.2'
'215','0.200001'
'216','0.200001'
'217','0.2'
'218','0.200001'
'219','0.2'
'220','0.2'
'221','0.200001'
'222','0.2'
'223','0.200001'
'224','0.200001'
'225','0.200001'
'226','0.200001'
'227','0.2'
'228','0.200001'
'229','0.2'
'230','0.200001'
'231','0.200001'
'232','0.200001'
'233','0.200001'
'234','0.200001'
'235','0.200001'
'236','0.2'
'237','0.2'
'238','0.2'
'239','0.2'
'240','0.200001'
'241','0.200001'
'242','0.200001'
'243','0.2'
'244','0.2'
'245','0.200001'
'246','0.2'
'247','0.200001'
'248','0.2'
'249','0.2'
'250','0.2'
'251','0.2'
'252','0.200001'
'253','0.200001'
'254','0.200001'
'255','0.2'
'256','0.200001'
'257','0.200031'
'258','0.2'
'259','0.200001'
'260','0.2'
'261','0.200001'
'262','0.2'
'263','0.2'
'264','0.2'
'265','0.2'
'266','0.200001'
'267','0.200001'
'268','0.200001'
'269','0.2'
'270','0.2'
'271','0.2'
'272','0.200001'
'273','0.200001'
'274','0.200001'
'275','0.2'
'276','0.2'
'277','0.2'
'278','0.200001'
'279','0.200001'
'280','0.200001'
'281','0.200001'
'282','0.200001'
'283','0.2'
'284','0.2'
'285','0.200001'
'286','0.200001'
'287','0.200001'
'288','0.2'
'289','0.2'
'290','0.200001'
'291','0.2'
'292','0.200001'
'293','0.200001'
'294','0.2'
'295','0.200001'
'296','0.200001'
'297','0.2'
'298','0.200001'
'299','0.200001'
'300','0.2'
'301','0.2'
'302','0.2'
'303','0.200001'
'304','0.2'
'305','0.200001'
'306','0.2'
'307','0.200001'
'308','0.200001'
'309','0.2'
'310','0.200001'
'311','0.2'
'312','0.200001'
'313','0.200001'
'314','0.2'
'315','0.200001'
'316','0.2'
'317','0.2'
'318','0.200001'
'319','0.2'
'320','0.2'
'321','0.2'
'322','0.2'
'323','0.200001'
'324','0.200001'
'325','0.2'
'326','0.200001'
'327','0.2'
'328','0.200001'
'329','0.2'
'330','0.2'
'331','0.2'
'332','0.2'
'333','0.2'
'334','0.200001'
'335','0.200001'
'336','0.200001'
'337','0.200001'
'338','0.200001'
'339','0.2'
'340','0.200001'
'341','0.2'
'342','0.200001'
'343','0.200001'
'344','0.200001'
'345','0.2'
'346','0.2'
'347','0.2'
'348','0.200001'
'349','0.200001'
'350','0.200001'
'351','0.2'
'352','0.200005'
'353','0.2'
'354','0.200001'
'355','0.200001'
'356','0.200001'
'357','0.2'
'358','0.200001'
'359','0.2'
'360','0.200001'
'361','0.200001'
'362','0.200001'
'363','0.2'
'364','0.200001'
'365','0.200001'
'366','0.200001'
'367','0.200001'
'368','0.2'
'369','0.2'
'370','0.2'
'371','0.200001'
'372','0.2'
'373','0.2'
'374','0.2'
'375','0.200001'
'376','0.200001'
'377','0.200001'
'378','0.200001'
'379','0.2'
'380','0.200001'
'381','0.200001'
'382','0.2'
'383','0.2'
'384','0.200001'
'385','0.2'
'386','0.2'
'387','0.2'
'388','0.2'
'389','0.2'
'390','0.2'
'391','0.200001'
'392','0.2'
'393','0.2'
'394','0.200001'
'395','0.2'
'396','0.200001'
'397','0.200027'
'398','0.200001'
'399','0.200001'
'400','0.200001'
'401','0.200001'
'402','0.200001'
'403','0.200001'
'404','0.200001'
'405','0.2'
'406','0.200001'
'407','0.2'
'408','0.2'
'409','0.2'
'410','0.2'
'411','0.200001'
'412','0.200014'
'413','0.200001'
'414','0.2'
'415','0.2'
'416','0.200001'
'417','0.200001'
'418','0.200001'
'419','0.200001'
'420','0.200001'
'421','0.200001'
'422','0.200001'
'423','0.2'
'424','0.200001'
'425','0.200001'
'426','0.2'
'427','0.200001'
'428','0.200001'
'429','0.200001'
'430','0.2'
'431','0.200001'
'432','0.2'
'433','0.2'
'434','0.200001'
'435','0.200001'
'436','0.200008'
'437','0.200001'
'438','0.2'
'439','0.2'
'440','0.200001'
'441','0.200001'
'442','0.200005'
'443','0.200001'
'444','0.200001'
'445','0.2'
'446','0.200001'
'447','0.200001'
'448','0.200001'
'449','0.2'
'450','0.2'
'451','0.200001'
'452','0.2'
'453','0.200001'
'454','0.200001'
'455','0.2'
'456','0.2'
'457','0.2'
'458','0.2'
'459','0.200001'
'460','0.2'
'461','0.200001'
'462','0.20001'
'463','0.200001'
'464','0.200001'
'465','0.2'
'466','0.200001'
'467','0.2'
'468','0.200001'
'469','0.200001'
'470','0.200001'
'471','0.200001'
'472','0.200001'
'473','0.2'
'474','0.200001'
'475','0.200001'
'476','0.200001'
'477','0.2'
'478','0.2'
'479','0.2'
'480','0.200001'
'481','0.20045'
'482','0.2'
'483','0.200001'
'484','0.2'
'485','0.2'
'486','0.200001'
'487','0.200001'
'488','0.200001'
'489','0.2'
'490','0.2'
'491','0.2'
'492','0.2'
'493','0.2'
'494','0.200001'
'495','0.2'
'496','0.2'
'497','0.200012'
'498','0.2'
'499','0.2'
'500','0.2'
'501','0.200001'
'502','0.200001'
'503','0.200001'
'504','0.2'
'505','0.2'
'506','0.2'
'507','0.2'
'508','0.2'
'509','0.200001'
'510','0.200001'
'511','0.2'
'512','0.200001'
'513','0.200001'
'514','0.200001'
'515','0.200001'
'516','0.2'
'517','0.200001'
'518','0.2'
'519','0.200001'
'520','0.2'
'521','0.200001'
'522','0.2'
'523','0.200001'
'524','0.2'
'525','0.200001'
'526','0.2'
'527','0.200001'
'528','0.200001'
'529','0.200001'
'530','0.200001'
'531','0.2'
'532','0.200001'
'533','0.2'
'534','0.2'
'535','0.200001'
'536','0.200001'
'537','0.2'
'538','0.2'
'539','0.200001'
'540','0.200001'
'541','0.200001'
'542','0.200001'
'543','0.200001'
'544','0.200001'
'545','0.200001'
'546','0.200001'
'547','0.200001'
'548','0.2'
'549','0.200001'
'550','0.200001'
'551','0.200001'
'552','0.200001'
'553','0.2'
'554','0.2'
'555','0.2'
'556','0.2'
'557','0.200001'
'558','0.2'
'559','0.200001'
'560','0.2'
'561','0.2'
'562','0.2'
'563','0.2'
'564','0.200001'
'565','0.200001'
'566','0.200001'
'567','0.2'
'568','0.2'
'569','0.200001'
'570','0.2'
'571','0.200001'
'572','0.2'
'573','0.200001'
'574','0.200001'
'575','0.2'
'576','0.200001'
'577','0.200001'
'578','0.2'
'579','0.200001'
'580','0.2'
'581','0.2'
'582','0.2'
'583','0.2'
'584','0.200001'
'585','0.200001'
'586','0.2'
'587','0.200001'
'588','0.200001'
'589','0.200001'
'590','0.2'
'591','0.2'
'592','0.2'
'593','0.200001'
'594','0.200001'
'595','0.200001'
'596','0.200001'
'597','0.2'
'598','0.200001'
'599','0.200001'
'600','0.2'
'601','0.200001'
'602','0.2'
'603','0.2'
'604','0.200001'
'605','0.200001'
'606','0.2'
'607','0.200001'
'608','0.200001'
'609','0.200001'
'610','0.2'
'611','0.200001'
'612','0.200001'
'613','0.2'
'614','0.2'
'615','0.2'
'616','0.200001'
'617','0.2'
'618','0.200001'
'619','0.200001'
'620','0.2'
'621','0.200001'
'622','0.200001'
'623','0.2'
'624','0.200001'
'625','0.200001'
'626','0.200001'
'627','0.200001'
'628','0.200001'
'629','0.200001'
'630','0.200001'
'631','0.2'
'632','0.200001'
'633','0.200001'
'634','0.2'
'635','0.2'
'636','0.2'
'637','0.2'
'638','0.200001'
'639','0.2'
'640','0.200001'
'641','0.2'
'642','0.2'
'643','0.200001'
'644','0.2'
'645','0.2'
'646','0.200001'
'647','0.200001'
'648','0.200001'
'649','0.200001'
'650','0.2'
'651','0.200001'
'652','0.200001'
'653','0.200001'
'654','0.200001'
'655','0.2'
'656','0.200001'
'657','0.200001'
'658','0.200001'
'659','0.2'
'660','0.200001'
'661','0.2'
'662','0.200001'
'663','0.200001'
'664','0.200001'
'665','0.2'
'666','0.2'
'667','0.200001'
'668','0.2'
'669','0.200001'
'670','0.200001'
'671','0.200001'
'672','0.2'
'673','0.200001'
'674','0.2'
'675','0.200001'
'676','0.2'
'677','0.200001'
'678','0.200001'
'679','0.2'
'680','0.2'
'681','0.2'
'682','0.2'
'683','0.200001'
'684','0.200001'
'685','0.200001'
'686','0.2'
'687','0.2'
'688','0.2'
'689','0.2'
'690','0.2'
'691','0.2'
'692','0.200001'
'693','0.200001'
'694','0.200001'
'695','0.2'
'696','0.200001'
'697','0.2'
'698','0.2'
'699','0.200001'
'700','0.2'
'701','0.2'
'702','0.2'
'703','0.200001'
'704','0.200001'
'705','0.200001'
'706','0.200001'
'707','0.2'
'708','0.200001'
'709','0.2'
'710','0.200001'
'711','0.200001'
'712','0.2'
'713','0.200001'
'714','0.200001'
'715','0.200001'
'716','0.200001'
'717','0.2'
'718','0.2'
'719','0.200001'
'720','0.200001'
'721','0.2'
'722','0.2'
'723','0.200001'
'724','0.2'
'725','0.200001'
'726','0.200001'
'727','0.200001'
'728','0.2'
'729','0.200001'
'730','0.2'
'731','0.200001'
'732','0.2'
'733','0.200001'
'734','0.2'
'735','0.200001'
'736','0.2'
'737','0.200001'
'738','0.2'
'739','0.200001'
'740','0.200001'
'741','0.200001'
'742','0.200001'
'743','0.2'
'744','0.200001'
'745','0.200001'
'746','0.200001'
'747','0.2'
'748','0.2'
'749','0.2'
'750','0.200001'
'751','0.2'
'752','0.200001'
'753','0.200001'
'754','0.2'
'755','0.2'
'756','0.200001'
'757','0.2'
'758','0.200001'
'759','0.200001'
'760','0.2'
'761','0.200001'
'762','0.200001'
'763','0.200001'
'764','0.200001'
'765','0.200001'
'766','0.2'
'767','0.200001'
'768','0.2'
'769','0.2'
'770','0.200001'
'771','0.200001'
'772','0.200001'
'773','0.2'
'774','0.200001'
'775','0.200001'
'776','0.200001'
'777','0.200001'
'778','0.200001'
'779','0.200001'
'780','0.2'
'781','0.200001'
'782','0.200001'
'783','0.200001'
'784','0.2'
'785','0.200001'
'786','0.200001'
'787','0.2'
'788','0.200001'
'789','0.200001'
'790','0.2'
'791','0.200001'
'792','0.200001'
'793','0.200001'
'794','0.200001'
'795','0.2'
'796','0.200001'
'797','0.200001'
'798','0.200001'
'799','0.2'
'800','0.2'
'801','0.200001'
'802','0.2'
'803','0.200001'
'804','0.200001'
'805','0.2'
'806','0.200001'
'807','0.2'
'808','0.2'
'809','0.200001'
'810','0.2'
'811','0.200001'
'812','0.200001'
'813','0.2'
'814','0.200001'
'815','0.2'
'816','0.200001'
'817','0.2'
'818','0.200001'
'819','0.2'
'820','0.2'
'821','0.2'
'822','0.200001'
'823','0.2'
'824','0.2'
'825','0.2'
'826','0.200001'
'827','0.200001'
'828','0.200001'
'829','0.2'
'830','0.2'
'831','0.2'
'832','0.200001'
'833','0.2'
'834','0.2'
'835','0.2'
'836','0.2'
'837','0.200001'
'838','0.2'
'839','0.2'
'840','0.200001'
'841','0.200001'
'842','0.2'
'843','0.200001'
'844','0.2'
'845','0.2'
'846','0.200001'
'847','0.200001'
'848','0.200001'
'849','0.2'
'850','0.2'
'851','0.2'
'852','0.200001'
'853','0.200001'
'854','0.200001'
'855','0.2'
'856','0.2'
'857','0.200001'
'858','0.200001'
'859','0.200001'
'860','0.2'
'861','0.200001'
'862','0.2'
'863','0.200001'
'864','0.200001'
'865','0.200001'
'866','0.200001'
'867','0.200001'
'868','0.2'
'869','0.2'
'870','0.2'
'871','0.2'
'872','0.2'
'873','0.2'
'874','0.200001'
'875','0.2'
'876','0.2'
'877','0.2'
'878','0.2'
'879','0.200001'
'880','0.200001'
'881','0.200001'
'882','0.200001'
'883','0.2'
'884','0.2'
'885','0.200001'
'886','0.2'
'887','0.200001'
'888','0.200001'
'889','0.2'
'890','0.2'
'891','0.200001'
'892','0.2'
'893','0.200001'
'894','0.200001'
'895','0.200001'
'896','0.200001'
'897','0.200001'
'898','0.200001'
'899','0.200001'
'900','0.2'
'901','0.2'
'902','0.200001'
'903','0.2'
'904','0.2'
'905','0.2'
'906','0.2'
'907','0.200001'
'908','0.200001'
'909','0.2'
'910','0.200001'
'911','0.200001'
'912','0.2'
'913','0.200001'
'914','0.2'
'915','0.200001'
'916','0.200001'
'917','0.200001'
'918','0.2'
'919','0.200001'
'920','0.200001'
'921','0.200001'
'922','0.2'
'923','0.2'
'924','0.200001'
'925','0.2'
'926','0.200001'
'927','0.200001'
'928','0.2'
'929','0.2'
'930','0.200001'
'931','0.200001'
'932','0.2'
'933','0.200001'
'934','0.200001'
'935','0.200001'
'936','0.200001'
'937','0.200001'
'938','0.200001'
'939','0.200001'
'940','0.2'
'941','0.2'
'942','0.200001'
'943','0.200001'
'944','0.200001'
'945','0.200001'
'946','0.200001'
'947','0.2'
'948','0.200001'
'949','0.2'
'950','0.2'
'951','0.200001'
'952','0.2'
'953','0.2'
'954','0.2'
'955','0.2'
'956','0.2'
'957','0.200001'
'958','0.200001'
'959','0.200001'
'960','0.200001'
'961','0.200001'
'962','0.2'
'963','0.2'
'964','0.200001'
'965','0.2'
'966','0.200001'
'967','0.200001'
'968','0.2'
'969','0.200001'
'970','0.2'
'971','0.2'
'972','0.200001'
'973','0.200001'
'974','0.200001'
'975','0.200001'
'976','0.2'
'977','0.2'
'978','0.200001'
'979','0.2'
'980','0.2'
'981','0.200001'
'982','0.200001'
'983','0.2'
'984','0.2'
'985','0.2'
'986','0.2'
'987','0.200001'
'988','0.2'
'989','0.2'
'990','0.200001'
'991','0.2'
'992','0.2'
'993','0.200001'
'994','0.200001'
'995','0.200001'
'996','0.200001'
'997','0.200001'
'998','0.2'
'999','0.200001'
'1000','0.200001'
'1001','0.200001'
'1002','0.200001'
'1003','0.2'
'1004','0.200001'
'1005','0.2'
'1006','0.2'
'1007','0.2'
'1008','0.2'
'1009','0.200001'
'1010','0.200001'
'1011','0.200001'
'1012','0.200001'
'1013','0.2'
'1014','0.200001'
'1015','0.200001'
'1016','0.200001'
'1017','0.200001'
'1018','0.2'
'1019','0.200001'
'1020','0.200001'
'1021','0.200001'
'1022','0.200001'
'1023','0.2'
'1024','0.200001'
'1025','0.200001'
'1026','0.2'
'1027','0.200001'
'1028','0.2'
'1029','0.200001'
'1030','0.2'
'1031','0.200001'
'1032','0.2'
'1033','0.2'
'1034','0.2'
'1035','0.2'
'1036','0.2'
'1037','0.2'
'1038','0.2'
'1039','0.2'
'1040','0.200001'
'1041','0.200001'
'1042','0.200001'
'1043','0.2'
'1044','0.200001'
'1045','0.2'
'1046','0.200001'
'1047','0.200001'
'1048','0.2'
'1049','0.2'
'1050','0.200001'
'1051','0.2'
'1052','0.200001'
'1053','0.200001'
'1054','0.200001'
'1055','0.2'
'1056','0.2'
'1057','0.200001'
'1058','0.2'
'1059','0.200001'
'1060','0.200001'
'1061','0.200001'
'1062','0.2'
'1063','0.200001'
'1064','0.200001'
'1065','0.2'
'1066','0.2'
'1067','0.2'
'1068','0.200001'
'1069','0.200001'
'1070','0.2'
'1071','0.2'
'1072','0.200001'
'1073','0.200001'
'1074','0.2'
'1075','0.2'
'1076','0.200001'
'1077','0.2'
'1078','0.200001'
'1079','0.2'
'1080','0.200001'
'1081','0.2'
'1082','0.200001'
'1083','0.200001'
'1084','0.200001'
'1085','0.200001'
'1086','0.200001'
'1087','0.2'
'1088','0.2'
'1089','0.2'
'1090','0.200001'
'1091','0.2'
'1092','0.2'
'1093','0.200001'
'1094','0.200001'
'1095','0.200001'
'1096','0.200001'
'1097','0.200001'
'1098','0.200001'
'1099','0.200001'
'1100','0.200001'
'1101','0.200001'
'1102','0.200001'
'1103','0.2'
'1104','0.2'
'1105','0.200001'
'1106','0.2'
'1107','0.200001'
'1108','0.200001'
'1109','0.200001'
'1110','0.200001'
'1111','0.200001'
'1112','0.200001'
'1113','0.200001'
'1114','0.2'
'1115','0.200001'
'1116','0.200001'
'1117','0.2'
'1118','0.200001'
'1119','0.2'
'1120','0.2'
'1121','0.200001'
'1122','0.200001'
'1123','0.200001'
'1124','0.200001'
'1125','0.2'
'1126','0.200001'
'1127','0.200001'
'1128','0.2'
'1129','0.200001'
'1130','0.200001'
'1131','0.2'
'1132','0.200001'
'1133','0.2'
'1134','0.200001'
'1135','0.200001'
'1136','0.200001'
'1137','0.200001'
'1138','0.200001'
'1139','0.200001'
'1140','0.2'
'1141','0.200001'
'1142','0.200001'
'1143','0.2'
'1144','0.200001'
'1145','0.200001'
'1146','0.2'
'1147','0.2'
'1148','0.2'
'1149','0.200001'
'1150','0.200001'
'1151','0.200001'
'1152','0.200001'
'1153','0.200001'
'1154','0.2'
'1155','0.2'
'1156','0.2'
'1157','0.200148'
'1158','0.2'
'1159','0.200001'
'1160','0.200001'
'1161','0.200001'
'1162','0.200001'
'1163','0.2'
'1164','0.200001'
'1165','0.200001'
'1166','0.200001'
'1167','0.2'
'1168','0.2'
'1169','0.200001'
'1170','0.2'
'1171','0.200001'
'1172','0.200001'
'1173','0.2'
'1174','0.2'
'1175','0.200001'
'1176','0.200001'
'1177','0.200001'
'1178','0.200001'
'1179','0.200001'
'1180','0.200001'
'1181','0.2'
'1182','0.2'
'1183','0.200001'
'1184','0.2'
'1185','0.200001'
'1186','0.2'
'1187','0.2'
'1188','0.2'
'1189','0.2'
'1190','0.2'
'1191','0.200001'
'1192','0.2'
'1193','0.200001'
'1194','0.200001'
'1195','0.200001'
'1196','0.200001'
'1197','0.200001'
'1198','0.2'
'1199','0.2'
'1200','0.2'
'1201','0.200001'
'1202','0.200001'
'1203','0.2'
'1204','0.2'
'1205','0.200001'
'1206','0.200001'
'1207','0.200001'
'1208','0.200001'
'1209','0.200001'
'1210','0.200001'
'1211','0.200001'
'1212','0.2'
'1213','0.2'
'1214','0.200001'
'1215','0.2'
'1216','0.2'
'1217','0.2'
'1218','0.2'
'1219','0.200001'
'1220','0.2'
'1221','0.2'
'1222','0.200001'
'1223','0.2'
'1224','0.2'
'1225','0.200001'
'1226','0.2'
'1227','0.200002'
'1228','0.200001'
'1229','0.2'
'1230','0.2'
'1231','0.200001'
'1232','0.200001'
'1233','0.200001'
'1234','0.200001'
'1235','0.200001'
'1236','0.2'
'1237','0.2'
'1238','0.200001'
'1239','0.2'
'1240','0.2'
'1241','0.2'
'1242','0.2'
'1243','0.200001'
'1244','0.200001'
'1245','0.200001'
'1246','0.200001'
'1247','0.200001'
'1248','0.200001'
'1249','0.2'
'1250','0.200001'
'1251','0.200001'
'1252','0.200001'
'1253','0.200001'
'1254','0.2'
'1255','0.2'
'1256','0.200001'
'1257','0.2'
'1258','0.200001'
'1259','0.200001'
'1260','0.200001'
'1261','0.2'
'1262','0.2'
'1263','0.200001'
'1264','0.2'
'1265','0.200001'
'1266','0.2'
'1267','0.2'
'1268','0.200001'
'1269','0.2'
'1270','0.200001'
'1271','0.200001'
'1272','0.2'
'1273','0.2'
'1274','0.2'
'1275','0.200001'
'1276','0.2'
'1277','0.2'
'1278','0.2'
'1279','0.200001'
'1280','0.200001'
'1281','0.200001'
'1282','0.200001'
'1283','0.200001'
'1284','0.2'
'1285','0.200001'
'1286','0.200001'
'1287','0.200011'
'1288','0.200001'
'1289','0.200001'
'1290','0.2'
'1291','0.200001'
'1292','0.2'
'1293','0.200001'
'1294','0.2'
'1295','0.200001'
'1296','0.2'
'1297','0.200001'
'1298','0.200001'
'1299','0.2'
'1300','0.2'
'1301','0.200001'
'1302','0.200001'
'1303','0.200001'
'1304','0.2'
'1305','0.200001'
'1306','0.200001'
'1307','0.200001'
'1308','0.200001'
'1309','0.2'
'1310','0.200001'
'1311','0.200001'
'1312','0.200001'
'1313','0.200001'
'1314','0.2'
'1315','0.200001'
'1316','0.200017'
'1317','0.200001'
'1318','0.200001'
'1319','0.200001'
'1320','0.200001'
'1321','0.200001'
'1322','0.2'
'1323','0.200001'
'1324','0.2'
'1325','0.200001'
'1326','0.200001'
'1327','0.2'
'1328','0.200001'
'1329','0.2'
'1330','0.200001'
'1331','0.200001'
'1332','0.2'
'1333','0.200001'
'1334','0.200001'
'1335','0.200001'
'1336','0.2'
'1337','0.2'
'1338','0.200001'
'1339','0.200001'
'1340','0.2'
'1341','0.200001'
'1342','0.200001'
'1343','0.2'
'1344','0.200001'
'1345','0.200001'
'1346','0.200001'
'1347','0.2'
'1348','0.200001'
'1349','0.200001'
'1350','0.2'
'1351','0.200001'
'1352','0.200001'
'1353','0.200001'
'1354','0.200001'
'1355','0.200001'
'1356','0.200001'
'1357','0.200001'
'1358','0.2'
'1359','0.200001'
'1360','0.2'
'1361','0.200001'
'1362','0.200001'
'1363','0.200001'
'1364','0.2'
'1365','0.2'
'1366','0.200001'
'1367','0.200001'
'1368','0.200001'
'1369','0.2'
'1370','0.200001'
'1371','0.200001'
'1372','0.200001'
'1373','0.200001'
'1374','0.200001'
'1375','0.200001'
'1376','0.200001'
'1377','0.2'
'1378','0.2'
'1379','0.200001'
'1380','0.2'
'1381','0.200001'
'1382','0.2'
'1383','0.2'
'1384','0.2'
'1385','0.200001'
'1386','0.200001'
'1387','0.200001'
'1388','0.2'
'1389','0.2'
'1390','0.2'
'1391','0.200001'
'1392','0.2'
'1393','0.2'
'1394','0.200001'
'1395','0.200001'
'1396','0.200001'
'1397','0.200001'
'1398','0.2'
'1399','0.200001'
'1400','0.200001'
'1401','0.200001'
'1402','0.200001'
'1403','0.200001'
'1404','0.2'
'1405','0.200001'
'1406','0.200001'
'1407','0.2'
'1408','0.2'
'1409','0.200001'
'1410','0.200001'
'1411','0.2'
'1412','0.200001'
'1413','0.200001'
'1414','0.2'
'1415','0.200001'
'1416','0.200001'
'1417','0.2'
'1418','0.200001'
'1419','0.2'
'1420','0.2'
'1421','0.200001'
'1422','0.200001'
'1423','0.200001'
'1424','0.200001'
'1425','0.200001'
'1426','0.2'
'1427','0.200001'
'1428','0.200001'
'1429','0.200001'
'1430','0.200001'
'1431','0.2'
'1432','0.200001'
'1433','0.200001'
'1434','0.2'
'1435','0.200001'
'1436','0.200001'
'1437','0.200001'
'1438','0.2'
'1439','0.200001'
'1440','0.200001'
'1441','0.200001'
'1442','0.200001'
'1443','0.200001'
'1444','0.200001'
'1445','0.2'
'1446','0.200001'
'1447','0.200001'
'1448','0.200001'
'1449','0.200001'
'1450','0.2'
'1451','0.200001'
'1452','0.2'
'1453','0.200001'
'1454','0.2'
'1455','0.200001'
'1456','0.200026'
'1457','0.200001'
'1458','0.200002'
'1459','0.200001'
'1460','0.2'
'1461','0.2'
'1462','0.200001'
'1463','0.200001'
'1464','0.200001'
'1465','0.200001'
'1466','0.200009'
'1467','0.2'
'1468','0.2'
'1469','0.200001'
'1470','0.200001'
'1471','0.2'
'1472','0.200001'
'1473','0.200001'
'1474','0.2'
'1475','0.200001'
'1476','0.200001'
'1477','0.2'
'1478','0.2'
'1479','0.200001'
'1480','0.200448'
'1481','0.200001'
'1482','0.200001'
'1483','0.200001'
'1484','0.2'
'1485','0.200001'
'1486','0.200001'
'1487','0.200001'
'1488','0.200001'
'1489','0.200001'
'1490','0.2'
'1491','0.200001'
'1492','0.200001'
'1493','0.200001'
'1494','0.2'
'1495','0.2'
'1496','0.2'
'1497','0.2'
'1498','0.2'
'1499','0.200001'
'1500','0.2'
'1501','0.200001'
'1502','0.200001'
'1503','0.2'
'1504','0.200001'
'1505','0.200001'
'1506','0.200001'
'1507','0.200001'
'1508','0.200001'
'1509','0.200001'
'1510','0.2'
'1511','0.200001'
'1512','0.200001'
'1513','0.200001'
'1514','0.2'
'1515','0.200001'
'1516','0.200001'
'1517','0.200001'
'1518','0.2'
'1519','0.200001'
'1520','0.2'
'1521','0.200001'
'1522','0.200001'
'1523','0.2'
'1524','0.2'
'1525','0.2'
'1526','0.200001'
'1527','0.2'
'1528','0.2'
'1529','0.2'
'1530','0.200001'
'1531','0.2'
'1532','0.200001'
'1533','0.200001'
'1534','0.200001'
'1535','0.200001'
'1536','0.200001'
'1537','0.2'
'1538','0.2'
'1539','0.200001'
'1540','0.200001'
'1541','0.200001'
'1542','0.200001'
'1543','0.2'
'1544','0.2'
'1545','0.200001'
'1546','0.2'
'1547','0.200001'
'1548','0.200001'
'1549','0.200001'
'1550','0.200001'
'1551','0.2'
'1552','0.200001'
'1553','0.200001'
'1554','0.2'
'1555','0.200001'
'1556','0.200001'
'1557','0.200001'
'1558','0.200001'
'1559','0.2'
'1560','0.2'
'1561','0.200001'
'1562','0.200001'
'1563','0.2'
'1564','0.200001'
'1565','0.200001'
'1566','0.200001'
'1567','0.2'
'1568','0.200001'
'1569','0.2'
'1570','0.200001'
'1571','0.200001'
'1572','0.2'
'1573','0.2'
'1574','0.200001'
'1575','0.200001'
'1576','0.2'
'1577','0.200001'
'1578','0.200001'
'1579','0.200001'
'1580','0.2'
'1581','0.200001'
'1582','0.2'
'1583','0.200001'
'1584','0.200001'
'1585','0.200001'
'1586','0.200001'
'1587','0.200001'
'1588','0.200001'
'1589','0.2'
'1590','0.200001'
'1591','0.200001'
'1592','0.2'
'1593','0.2'
'1594','0.200001'
'1595','0.200001'
'1596','0.200001'
'1597','0.200001'
'1598','0.2'
'1599','0.200001'
'1600','0.2'
'1601','0.200001'
'1602','0.200001'
'1603','0.200001'
'1604','0.2'
'1605','0.200001'
'1606','0.200001'
'1607','0.200001'
'1608','0.2'
'1609','0.200001'
'1610','0.2'
'1611','0.200001'
'1612','0.2'
'1613','0.200001'
'1614','0.2'
'1615','0.2'
'1616','0.200001'
'1617','0.200001'
'1618','0.2'
'1619','0.200001'
'1620','0.2'
'1621','0.2'
'1622','0.200001'
'1623','0.2'
'1624','0.200001'
'1625','0.200001'
'1626','0.200001'
'1627','0.200001'
'1628','0.200001'
'1629','0.200001'
'1630','0.200001'
'1631','0.2'
'1632','0.200001'
'1633','0.200001'
'1634','0.200001'
'1635','0.2'
'1636','0.200001'
'1637','0.2'
'1638','0.200001'
'1639','0.200001'
'1640','0.200001'
'1641','0.200001'
'1642','0.200001'
'1643','0.2'
'1644','0.200001'
'1645','0.200001'
'1646','0.2'
'1647','0.200001'
'1648','0.200001'
'1649','0.2'
'1650','0.2'
'1651','0.200001'
'1652','0.2'
'1653','0.2'
'1654','0.2'
'1655','0.200001'
'1656','0.2'
'1657','0.200001'
'1658','0.200001'
'1659','0.200001'
'1660','0.200001'
'1661','0.200001'
'1662','0.200001'
'1663','0.200001'
'1664','0.2'
'1665','0.200001'
'1666','0.2'
'1667','0.200001'
'1668','0.200001'
'1669','0.2'
'1670','0.200001'
'1671','0.200001'
'1672','0.200001'
'1673','0.200001'
'1674','0.200001'
'1675','0.200001'
'1676','0.200001'
'1677','0.200001'
'1678','0.200001'
'1679','0.200001'
'1680','0.200001'
'1681','0.200001'
'1682','0.200001'
'1683','0.2'
'1684','0.2'
'1685','0.2'
'1686','0.200001'
'1687','0.200001'
'1688','0.200001'
'1689','0.2'
'1690','0.200001'
'1691','0.2'
'1692','0.200001'
'1693','0.200001'
'1694','0.512225'
'1695','0.2'
'1696','0.200001'
'1697','0.2'
'1698','0.200002'
'1699','0.2'
'1700','0.2'
'1701','0.2'
'1702','0.2'
'1703','0.200001'
'1704','0.2'
'1705','0.2'
'1706','0.200001'
'1707','0.2'
'1708','0.200001'
'1709','0.2'
'1710','0.200001'
'1711','0.200001'
'1712','0.2'
'1713','0.200002'
'1714','0.200002'
'1715','0.200001'
'1716','0.200002'
'1717','0.200001'
'1718','0.200002'
'1719','0.2'
'1720','0.200002'
'1721','0.200079'
'1722','0.200001'
'1723','0.200001'
'1724','0.200002'
'1725','0.200001'
'1726','0.200001'
'1727','0.200002'
'1728','0.200002'
'1729','0.200503'
'1730','0.200001'
'1731','0.200002'
'1732','0.2'
'1733','0.2'
'1734','0.200001'
'1735','0.200001'
'1736','0.200001'
'1737','0.200001'
'1738','0.200001'
'1739','0.200001'
'1740','0.200001'
'1741','0.200001'
'1742','0.200002'
'1743','0.200002'
'1744','0.200001'
'1745','0.200001'
'1746','0.200001'
'1747','0.2'
'1748','0.200001'
'1749','0.2'
'1750','0.200001'
'1751','0.2'
'1752','0.200001'
'1753','0.200001'
'1754','0.200001'
'1755','0.2'
'1756','0.200001'
'1757','0.2'
'1758','0.2'
'1759','0.200001'
'1760','0.2'
'1761','0.200002'
'1762','0.2'
'1763','0.2'
'1764','0.200001'
'1765','0.200001'
'1766','0.2'
'1767','0.200025'
'1768','0.200001'
'1769','0.2'
'1770','0.200001'
'1771','0.200001'
'1772','0.2'
'1773','0.2'
'1774','0.2'
'1775','0.200001'
'1776','0.200001'
'1777','0.2'
'1778','0.2'
'1779','0.200001'
'1780','0.2'
'1781','0.200001'
'1782','0.200001'
'1783','0.200001'
'1784','0.2'
'1785','0.2'
'1786','0.2'
'1787','0.200001'
'1788','0.200001'
'1789','0.200001'
'1790','0.2'
'1791','0.200001'
'1792','0.2'
'1793','0.2'
'1794','0.200001'
'1795','0.200001'
'1796','0.200001'
'1797','0.200001'
'1798','0.200001'
'1799','0.2'
'1800','0.200001'
'1801','0.200001'
'1802','0.2'
'1803','0.200001'
'1804','0.200001'
'1805','0.200001'
'1806','0.200001'
'1807','0.200001'
'1808','0.2'
'1809','0.200001'
'1810','0.200001'
'1811','0.200001'
'1812','0.2'
'1813','0.2'
'1814','0.200001'
'1815','0.200001'
'1816','0.200001'
'1817','0.2'
'1818','0.2'
'1819','0.2'
'1820','0.2'
'1821','0.200001'
'1822','0.200001'
'1823','0.200001'
'1824','0.200001'
'1825','0.200001'
'1826','0.2'
'1827','0.2'
'1828','0.200001'
'1829','0.2'
'1830','0.200001'
'1831','0.2'
'1832','0.200001'
'1833','0.200001'
'1834','0.200001'
'1835','0.200001'
'1836','0.200001'
'1837','0.200001'
'1838','0.2'
'1839','0.2'
'1840','0.2'
'1841','0.200001'
'1842','0.200001'
'1843','0.200001'
'1844','0.200001'
'1845','0.200001'
'1846','0.200001'
'1847','0.200001'
'1848','0.200001'
'1849','0.200001'
'1850','0.2'
'1851','0.2'
'1852','0.200001'
'1853','0.2'
'1854','0.2'
'1855','0.200001'
'1856','0.200001'
'1857','0.200001'
'1858','0.200001'
'1859','0.2'
'1860','0.200001'
'1861','0.2'
'1862','0.2'
'1863','0.2'
'1864','0.200001'
'1865','0.200001'
'1866','0.200001'
'1867','0.200001'
'1868','0.200001'
'1869','0.2'
'1870','0.200001'
'1871','0.200001'
'1872','0.200002'
'1873','0.200001'
'1874','0.2'
'1875','0.200001'
'1876','0.200001'
'1877','0.2'
'1878','0.200001'
'1879','0.200001'
'1880','0.200002'
'1881','0.200001'
'1882','0.2'
'1883','0.2'
'1884','0.200001'
'1885','0.200001'
'1886','0.200001'
'1887','0.200002'
'1888','0.200002'
'1889','0.200001'
'1890','0.200001'
'1891','0.200001'
'1892','0.200001'
'1893','0.2'
'1894','0.200001'
'1895','0.2'
'1896','0.200001'
'1897','0.200001'
'1898','0.200001'
'1899','0.200001'
'1900','0.200001'
'1901','0.200001'
'1902','0.2'
'1903','0.2'
'1904','0.200002'
'1905','0.200001'
'1906','0.200002'
'1907','0.200002'
'1908','0.200001'
'1909','0.200002'
'1910','0.200001'
'1911','0.200002'
'1912','0.2'
'1913','0.200002'
'1914','0.200001'
'1915','0.200002'
'1916','0.200002'
'1917','0.200001'
'1918','0.2'
'1919','0.200001'
'1920','0.200001'
'1921','0.200001'
'1922','0.200001'
'1923','0.200001'
'1924','0.2'
'1925','0.200001'
'1926','0.200001'
'1927','0.200002'
'1928','0.200001'
'1929','0.2'
'1930','0.2'
'1931','0.200001'
'1932','0.200001'
'1933','0.200002'
'1934','0.200002'
'1935','0.200002'
'1936','0.200001'
'1937','0.200001'
'1938','0.200002'
'1939','0.2'
'1940','0.2'
'1941','0.200001'
'1942','0.2'
'1943','0.2'
'1944','0.2'
'1945','0.200001'
'1946','0.2'
'1947','0.2'
'1948','0.2'
'1949','0.2'
'1950','0.200001'
'1951','0.200001'
'1952','0.2'
'1953','0.2'
'1954','0.200001'
'1955','0.2'
'1956','0.200001'
'1957','0.2'
'1958','0.200001'
'1959','0.2'
'1960','0.200001'
'1961','0.200001'
'1962','0.200001'
'1963','0.200001'
'1964','0.200001'
'1965','0.200001'
'1966','0.2'
'1967','0.2'
'1968','0.200001'
'1969','0.200001'
'1970','0.2'
'1971','0.200001'
'1972','0.200001'
'1973','0.200001'
'1974','0.2'
'1975','0.2'
'1976','0.200001'
'1977','0.200001'
'1978','0.200001'
'1979','0.2'
'1980','0.200001'
'1981','0.200001'
'1982','0.2'
'1983','0.2'
'1984','0.200001'
'1985','0.200001'
'1986','0.200001'
'1987','0.200001'
'1988','0.200001'
'1989','0.2'
'1990','0.2'
'1991','0.2'
'1992','0.200001'
'1993','0.200001'
'1994','0.200001'
'1995','0.200001'
'1996','0.200001'
'1997','0.200001'
'1998','0.2'
'1999','0.200001'
'2000','0.200001'
'2001','0.200001'
'2002','0.200001'
'2003','0.2'
'2004','0.200001'
'2005','0.2'
'2006','0.2'
'2007','0.200001'
'2008','0.200001'
'2009','0.2'
'2010','0.2'
'2011','0.200001'
'2012','0.2'
'2013','0.200001'
'2014','0.2'
'2015','0.200001'
'2016','0.2'
'2017','0.200001'
'2018','0.200001'
'2019','0.200001'
'2020','0.200001'
'2021','0.2'
'2022','0.2'
'2023','0.200001'
'2024','0.200001'
'2025','0.200001'
'2026','0.2'
'2027','0.2'
'2028','0.200001'
'2029','0.200001'
'2030','0.200001'
'2031','0.200001'
'2032','0.2'
'2033','0.200001'
'2034','0.2'
'2035','0.2'
'2036','0.200001'
'2037','0.2'
'2038','0.2'
'2039','0.2'
'2040','0.200006'
'2041','0.2'
'2042','0.200001'
'2043','0.200001'
'2044','0.200001'
'2045','0.2'
'2046','0.200001'
'2047','0.2'
'2048','0.200113'
'2049','0.200001'
'2050','0.200001'
'2051','0.200001'
'2052','0.200001'
'2053','0.2'
'2054','0.200001'
'2055','0.200001'
'2056','0.2'
'2057','0.2'
'2058','0.2'
'2059','0.2'
'2060','0.200001'
'2061','0.2'
'2062','0.200001'
'2063','0.200001'
'2064','0.200001'
'2065','0.200001'
'2066','0.200001'
'2067','0.200001'
'2068','0.200001'
'2069','0.200001'
'2070','0.200001'
'2071','0.200001'
'2072','0.200001'
'2073','0.200001'
'2074','0.200001'
'2075','0.200001'
'2076','0.200001'
'2077','0.200001'
'2078','0.200001'
'2079','0.200001'
'2080','0.200001'
'2081','0.200001'
'2082','0.2'
'2083','0.2'
'2084','0.200001'
'2085','0.200001'
'2086','0.200001'
'2087','0.2'
'2088','0.200001'
'2089','0.200001'
'2090','0.200001'
'2091','0.2'
'2092','0.200001'
'2093','0.200001'
'2094','0.200001'
'2095','0.2'
'2096','0.200001'
'2097','0.200001'
'2098','0.2'
'2099','0.2'
'2100','0.200001'
'2101','0.200001'
'2102','0.200001'
'2103','0.2'
'2104','0.200001'
'2105','0.200001'
'2106','0.2'
'2107','0.2'
'2108','0.200001'
'2109','0.200001'
'2110','0.200001'
'2111','0.2'
'2112','0.200001'
'2113','0.2'
'2114','0.200001'
'2115','0.200001'
'2116','0.200001'
'2117','0.2'
'2118','0.2'
'2119','0.2'
'2120','0.2'
'2121','0.2'
'2122','0.200001'
'2123','0.200001'
'2124','0.2'
'2125','0.200001'
'2126','0.2'
'2127','0.200001'
'2128','0.2'
'2129','0.2'
'2130','0.200001'
'2131','0.2'
'2132','0.200001'
'2133','0.200001'
'2134','0.200001'
'2135','0.200001'
'2136','0.2'
'2137','0.2'
'2138','0.2'
'2139','0.200001'
'2140','0.2'
'2141','0.200001'
'2142','0.2'
'2143','0.200001'
'2144','0.2'
'2145','0.200001'
'2146','0.2'
'2147','0.200001'
'2148','0.200001'
'2149','0.200001'
'2150','0.200001'
'2151','0.200001'
'2152','0.200001'
'2153','0.2'
'2154','0.2'
'2155','0.200001'
'2156','0.2'
'2157','0.200001'
'2158','0.2'
'2159','0.2'
'2160','0.200001'
'2161','0.2'
'2162','0.2'
'2163','0.2'
'2164','0.200001'
'2165','0.2'
'2166','0.2'
'2167','0.200007'
'2168','0.200001'
'2169','0.2'
'2170','0.2'
'2171','0.200001'
'2172','0.200001'
'2173','0.200001'
'2174','0.200001'
'2175','0.200001'
'2176','0.2'
'2177','0.200001'
'2178','0.2'
'2179','0.200001'
'2180','0.2'
'2181','0.2'
'2182','0.200001'
'2183','0.200001'
'2184','0.2'
'2185','0.2'
'2186','0.200001'
'2187','0.2'
'2188','0.200001'
'2189','0.2'
'2190','0.2'
'2191','0.2'
'2192','0.2'
'2193','0.2'
'2194','0.200001'
'2195','0.2'
'2196','0.2'
'2197','0.2'
'2198','0.200001'
'2199','0.200001'
'2200','0.2'
'2201','0.200001'
'2202','0.2'
'2203','0.2'
'2204','0.2'
'2205','0.2'
'2206','0.200001'
'2207','0.200001'
'2208','0.200001'
'2209','0.200001'
'2210','0.200001'
'2211','0.2'
'2212','0.200001'
'2213','0.200001'
'2214','0.200001'
'2215','0.200001'
'2216','0.200001'
'2217','0.200001'
'2218','0.2'
'2219','0.2'
'2220','0.200001'
'2221','0.200001'
'2222','0.2'
'2223','0.200001'
'2224','0.200001'
'2225','0.2'
'2226','0.2'
'2227','0.200001'
'2228','0.2'
'2229','0.2'
'2230','0.2'
'2231','0.2'
'2232','0.2'
'2233','0.200001'
'2234','0.2'
'2235','0.2'
'2236','0.2'
'2237','0.2'
'2238','0.2'
'2239','0.200001'
'2240','0.200001'
'2241','0.200001'
'2242','0.200001'
'2243','0.2'
'2244','0.200001'
'2245','0.200001'
'2246','0.200001'
'2247','0.2'
'2248','0.2'
'2249','0.2'
'2250','0.2'
'2251','0.2'
'2252','0.200001'
'2253','0.2'
'2254','0.2'
'2255','0.200001'
'2256','0.2'
'2257','0.2'
'2258','0.2'
'2259','0.2'
'2260','0.200001'
'2261','0.200001'
'2262','0.200001'
'2263','0.200001'
'2264','0.200001'
'2265','0.2'
'2266','0.2'
'2267','0.200001'
'2268','0.2'
'2269','0.2'
'2270','0.200001'
'2271','0.200001'
'2272','0.200001'
'2273','0.2'
'2274','0.2'
'2275','0.200001'
'2276','0.200001'
'2277','0.2'
'2278','0.2'
'2279','0.200001'
'2280','0.200001'
'2281','0.200001'
'2282','0.200001'
'2283','0.200001'
'2284','0.200001'
'2285','0.200001'
'2286','0.2'
'2287','0.2'
'2288','0.200001'
'2289','0.2'
'2290','0.200001'
'2291','0.200001'
'2292','0.2'
'2293','0.200001'
'2294','0.200001'
'2295','0.200001'
'2296','0.2'
'2297','0.200001'
'2298','0.2'
'2299','0.200001'
'2300','0.200001'
'2301','0.2'
'2302','0.2'
'2303','0.2'
'2304','0.200001'
'2305','0.2'
'2306','0.2'
'2307','0.2'
'2308','0.200001'
'2309','0.2'
'2310','0.200001'
'2311','0.2'
'2312','0.2'
'2313','0.2'
'2314','0.2'
'2315','0.200001'
'2316','0.2'
'2317','0.2'
'2318','0.2'
'2319','0.200001'
'2320','0.200001'
'2321','0.2'
'2322','0.200001'
'2323','0.200001'
'2324','0.200001'
'2325','0.200001'
'2326','0.2'
'2327','0.200001'
'2328','0.200001'
'2329','0.2'
'2330','0.2'
'2331','0.200001'
'2332','0.200001'
'2333','0.2'
'2334','0.200001'
'2335','0.200001'
'2336','0.200001'
'2337','0.2'
'2338','0.200001'
'2339','0.2'
'2340','0.200001'
'2341','0.200001'
'2342','0.200001'
'2343','0.200001'
'2344','0.200001'
'2345','0.200001'
'2346','0.2'
'2347','0.2'
'2348','0.200001'
'2349','0.200001'
'2350','0.200001'
'2351','0.200001'
'2352','0.200001'
'2353','0.200001'
'2354','0.2'
'2355','0.200001'
'2356','0.2'
'2357','0.200001'
'2358','0.2'
'2359','0.200001'
'2360','0.200001'
'2361','0.200001'
'2362','0.2'
'2363','0.2'
'2364','0.200001'
'2365','0.200001'
'2366','0.200001'
'2367','0.2'
'2368','0.2'
'2369','0.200001'
'2370','0.200001'
'2371','0.200001'
'2372','0.200001'
'2373','0.200001'
'2374','0.200001'
'2375','0.200001'
'2376','0.2'
'2377','0.2'
'2378','0.2'
'2379','0.200001'
'2380','0.2'
'2381','0.2'
'2382','0.200001'
'2383','0.2'
'2384','0.200001'
'2385','0.200001'
'2386','0.2'
'2387','0.2'
'2388','0.200001'
'2389','0.2'
'2390','0.200001'
'2391','0.200001'
'2392','0.200001'
'2393','0.200001'
'2394','0.200001'
'2395','0.200001'
'2396','0.2'
'2397','0.200001'
'2398','0.2'
'2399','0.2'
'2400','0.200001'
'2401','0.200001'
'2402','0.2'
'2403','0.2'
'2404','0.2'
'2405','0.200001'
'2406','0.2'
'2407','0.200001'
'2408','0.2'
'2409','0.200001'
'2410','0.200001'
'2411','0.200001'
'2412','0.200001'
'2413','0.200001'
'2414','0.2'
'2415','0.2'
'2416','0.2'
'2417','0.200001'
'2418','0.200001'
'2419','0.2'
'2420','0.2'
'2421','0.200001'
'2422','0.2'
'2423','0.200001'
'2424','0.2'
'2425','0.200001'
'2426','0.2'
'2427','0.2'
'2428','0.200001'
'2429','0.2'
'2430','0.2'
'2431','0.2'
'2432','0.2'
'2433','0.200001'
'2434','0.2'
'2435','0.200001'
'2436','0.200001'
'2437','0.2'
'2438','0.200001'
'2439','0.200001'
'2440','0.200001'
'2441','0.200001'
'2442','0.2'
'2443','0.2'
'2444','0.200001'
'2445','0.200014'
'2446','0.2'
'2447','0.2'
'2448','0.200001'
'2449','0.200001'
'2450','0.2'
'2451','0.200001'
'2452','0.2'
'2453','0.2'
'2454','0.2'
'2455','0.2'
'2456','0.200001'
'2457','0.200001'
'2458','0.200001'
'2459','0.200001'
'2460','0.2'
'2461','0.200001'
'2462','0.200001'
'2463','0.200001'
'2464','0.200001'
'2465','0.200001'
'2466','0.200001'
'2467','0.2'
'2468','0.2'
'2469','0.200001'
'2470','0.200001'
'2471','0.200001'
'2472','0.200001'
'2473','0.200001'
'2474','0.2'
'2475','0.2'
'2476','0.2'
'2477','0.200001'
'2478','0.2'
'2479','0.200001'
'2480','0.2'
'2481','0.200001'
'2482','0.200001'
'2483','0.200001'
'2484','0.2'
'2485','0.2'
'2486','0.200001'
'2487','0.2'
'2488','0.200001'
'2489','0.2'
'2490','0.2'
'2491','0.2'
'2492','0.200001'
'2493','0.200001'
'2494','0.200001'
'2495','0.200001'
'2496','0.200001'
'2497','0.200001'
'2498','0.200001'
'2499','0.200001'
'2500','0.200001'
'2501','0.200001'
'2502','0.200001'
'2503','0.2'
'2504','0.2'
'2505','0.2'
'2506','0.200001'
'2507','0.2'
'2508','0.200001'
'2509','0.2'
'2510','0.200001'
'2511','0.2'
'2512','0.2'
'2513','0.2'
'2514','0.2'
'2515','0.200001'
'2516','0.2'
'2517','0.2'
'2518','0.200001'
'2519','0.200001'
'2520','0.200001'
'2521','0.2'
'2522','0.200001'
'2523','0.2'
'2524','0.200015'
'2525','0.2'
'2526','0.200001'
'2527','0.200001'
'2528','0.200001'
'2529','0.2'
'2530','0.200001'
'2531','0.2'
'2532','0.200001'
'2533','0.200001'
'2534','0.200001'
'2535','0.200001'
'2536','0.200001'
'2537','0.2'
'2538','0.2'
'2539','0.2'
'2540','0.200001'
'2541','0.200001'
'2542','0.200001'
'2543','0.200001'
'2544','0.200001'
'2545','0.200001'
'2546','0.200001'
'2547','0.2'
'2548','0.200001'
'2549','0.200001'
'2550','0.200001'
'2551','0.2'
'2552','0.2'
'2553','0.200001'
'2554','0.200001'
'2555','0.200001'
'2556','0.200001'
'2557','0.200001'
'2558','0.2'
'2559','0.200001'
'2560','0.200001'
'2561','0.200001'
'2562','0.2'
'2563','0.200001'
'2564','0.200001'
'2565','0.200001'
'2566','0.2'
'2567','0.200001'
'2568','0.2'
'2569','0.2'
'2570','0.2'
'2571','0.200001'
'2572','0.200001'
'2573','0.2'
'2574','0.200001'
'2575','0.200001'
'2576','0.200001'
'2577','0.2'
'2578','0.200001'
'2579','0.200001'
'2580','0.2'
'2581','0.2'
'2582','0.200001'
'2583','0.200001'
'2584','0.200001'
'2585','0.200001'
'2586','0.2'
'2587','0.2'
'2588','0.2'
'2589','0.200001'
'2590','0.200001'
'2591','0.200001'
'2592','0.2'
'2593','0.2'
'2594','0.200001'
'2595','0.200001'
'2596','0.2'
'2597','0.200001'
'2598','0.200001'
'2599','0.200001'
'2600','0.200001'
'2601','0.200001'
'2602','0.200001'
'2603','0.200001'
'2604','0.200001'
'2605','0.2'
'2606','0.200001'
'2607','0.2'
'2608','0.200001'
'2609','0.200001'
'2610','0.200001'
'2611','0.200001'
'2612','0.2'
'2613','0.200001'
'2614','0.2'
'2615','0.2'
'2616','0.200001'
'2617','0.200001'
'2618','0.2'
'2619','0.200001'
'2620','0.2'
'2621','0.2'
'2622','0.2'
'2623','0.2'
'2624','0.2'
'2625','0.200001'
'2626','0.200001'
'2627','0.200001'
'2628','0.200001'
'2629','0.2'
'2630','0.200001'
'2631','0.2'
'2632','0.200001'
'2633','0.200001'
'2634','0.2'
'2635','0.200001'
'2636','0.2'
'2637','0.2'
'2638','0.2'
'2639','0.200001'
'2640','0.200001'
'2641','0.200001'
'2642','0.2'
'2643','0.2'
'2644','0.200001'
'2645','0.200001'
'2646','0.2'
'2647','0.200001'
'2648','0.2'
'2649','0.200001'
'2650','0.200001'
'2651','0.2'
'2652','0.200001'
'2653','0.2'
'2654','0.2'
'2655','0.200001'
'2656','0.200001'
'2657','0.2'
'2658','0.200001'
'2659','0.2'
'2660','0.200001'
'2661','0.200001'
'2662','0.2'
'2663','0.2'
'2664','0.200001'
'2665','0.200001'
'2666','0.2'
'2667','0.200001'
'2668','0.2'
'2669','0.200001'
'2670','0.2'
'2671','0.200001'
'2672','0.200001'
'2673','0.200001'
'2674','0.200001'
'2675','0.200001'
'2676','0.2'
'2677','0.200001'
'2678','0.2'
'2679','0.200001'
'2680','0.200001'
'2681','0.200001'
'2682','0.2'
'2683','0.2'
'2684','0.200001'
'2685','0.2'
'2686','0.2'
'2687','0.2'
'2688','0.200001'
'2689','0.200001'
'2690','0.2'
'2691','0.2'
'2692','0.2'
'2693','0.200001'
'2694','0.200001'
'2695','0.200001'
'2696','0.200001'
'2697','0.2'
'2698','0.2'
'2699','0.2'
'2700','0.2'
'2701','0.200001'
'2702','0.200001'
'2703','0.200001'
'2704','0.200001'
'2705','0.200001'
'2706','0.2'
'2707','0.200001'
'2708','0.200001'
'2709','0.2'
'2710','0.200001'
'2711','0.200001'
'2712','0.2'
'2713','0.2'
'2714','0.200001'
'2715','0.2'
'2716','0.2'
'2717','0.200001'
'2718','0.2'
'2719','0.2'
'2720','0.2'
'2721','0.200001'
'2722','0.2'
'2723','0.200001'
'2724','0.2'
'2725','0.2'
'2726','0.200001'
'2727','0.200001'
'2728','0.2'
'2729','0.2'
'2730','0.200001'
'2731','0.2'
'2732','0.2'
'2733','0.200001'
'2734','0.200001'
'2735','0.2'
'2736','0.200303'
'2737','0.200001'
'2738','0.2'
'2739','0.200001'
'2740','0.200155'
'2741','0.2'
'2742','0.200001'
'2743','0.200001'
'2744','0.2'
'2745','0.200001'
'2746','0.200001'
'2747','0.2'
'2748','0.2'
'2749','0.200001'
'2750','0.2'
'2751','0.2'
'2752','0.2'
'2753','0.200001'
'2754','0.200001'
'2755','0.200001'
'2756','0.200001'
'2757','0.2'
'2758','0.2'
'2759','0.200001'
'2760','0.200001'
'2761','0.2'
'2762','0.2'
'2763','0.200001'
'2764','0.2'
'2765','0.200001'
'2766','0.200001'
'2767','0.200001'
'2768','0.200001'
'2769','0.200001'
'2770','0.200001'
'2771','0.2'
'2772','0.200001'
'2773','0.200001'
'2774','0.2'
'2775','0.200001'
'2776','0.200001'
'2777','0.2'
'2778','0.2'
'2779','0.200001'
'2780','0.2'
'2781','0.2'
'2782','0.2'
'2783','0.2'
'2784','0.200001'
'2785','0.200001'
'2786','0.200001'
'2787','0.2'
'2788','0.2'
'2789','0.2'
'2790','0.2'
'2791','0.2'
'2792','0.200001'
'2793','0.200001'
'2794','0.200001'
'2795','0.200001'
'2796','0.2'
'2797','0.200001'
'2798','0.200001'
'2799','0.200001'
'2800','0.2'
'2801','0.200001'
'2802','0.200001'
'2803','0.2'
'2804','0.200001'
'2805','0.2'
'2806','0.2'
'2807','0.2'
'2808','0.200001'
'2809','0.2'
'2810','0.2'
'2811','0.2'
'2812','0.2'
'2813','0.200001'
'2814','0.200001'
'2815','0.200001'
'2816','0.200001'
'2817','0.200001'
'2818','0.2'
'2819','0.2'
'2820','0.200001'
'2821','0.2'
'2822','0.2'
'2823','0.200001'
'2824','0.200001'
'2825','0.2'
'2826','0.2'
'2827','0.20006'
'2828','0.200001'
'2829','0.2'
'2830','0.2'
'2831','0.200006'
'2832','0.200001'
'2833','0.200001'
'2834','0.200001'
'2835','0.200001'
'2836','0.2'
'2837','0.2'
'2838','0.200001'
'2839','0.200001'
'2840','0.200001'
'2841','0.2'
'2842','0.200001'
'2843','0.2'
'2844','0.2'
'2845','0.200001'
'2846','0.200001'
'2847','0.2'
'2848','0.2'
'2849','0.2'
'2850','0.200001'
'2851','0.200001'
'2852','0.2'
'2853','0.200001'
'2854','0.200001'
'2855','0.2'
'2856','0.200001'
'2857','0.200001'
'2858','0.200001'
'2859','0.200001'
'2860','0.200001'
'2861','0.200001'
'2862','0.200001'
'2863','0.2'
'2864','0.2'
'2865','0.200001'
'2866','0.200001'
'2867','0.200001'
'2868','0.2'
'2869','0.200001'
'2870','0.2'
'2871','0.2'
'2872','0.2'
'2873','0.200001'
'2874','0.2'
'2875','0.2'
'2876','0.200001'
'2877','0.200001'
'2878','0.200001'
'2879','0.200001'
'2880','0.2'
'2881','0.2'
'2882','0.200001'
'2883','0.2'
'2884','0.2'
'2885','0.2'
'2886','0.2'
'2887','0.2'
'2888','0.2'
'2889','0.200001'
'2890','0.200001'
'2891','0.2'
'2892','0.200001'
'2893','0.200001'
'2894','0.2'
'2895','0.2'
'2896','0.200001'
'2897','0.200001'
'2898','0.200001'
'2899','0.2'
'2900','0.200001'
'2901','0.2'
'2902','0.2'
'2903','0.200001'
'2904','0.2'
'2905','0.2'
'2906','0.200001'
'2907','0.2'
'2908','0.200001'
'2909','0.200001'
'2910','0.2'
'2911','0.200001'
'2912','0.2'
'2913','0.200001'
'2914','0.200001'
'2915','0.200001'
'2916','0.200001'
'2917','0.2'
'2918','0.200001'
'2919','0.200001'
'2920','0.2'
'2921','0.200001'
'2922','0.2'
'2923','0.200001'
'2924','0.2'
'2925','0.2'
'2926','0.200001'
'2927','0.200001'
'2928','0.2'
'2929','0.2'
'2930','0.200001'
'2931','0.200001'
'2932','0.2'
'2933','0.2'
'2934','0.2'
'2935','0.2'
'2936','0.200001'
'2937','0.2'
'2938','0.200001'
'2939','0.2'
'2940','0.200001'
'2941','0.200001'
'2942','0.2'
'2943','0.2'
'2944','0.2'
'2945','0.200001'
'2946','0.2'
'2947','0.2'
'2948','0.200001'
'2949','0.2'
'2950','0.2'
'2951','0.200001'
'2952','0.2'
'2953','0.200001'
'2954','0.200001'
'2955','0.2'
'2956','0.200001'
'2957','0.2'
'2958','0.2'
'2959','0.2'
'2960','0.200001'
'2961','0.2'
'2962','0.200001'
'2963','0.2'
'2964','0.2'
'2965','0.2'
'2966','0.2'
'2967','0.2'
'2968','0.200001'
'2969','0.2'
'2970','0.200001'
'2971','0.200001'
'2972','0.2'
'2973','0.200001'
'2974','0.200001'
'2975','0.2'
'2976','0.200001'
'2977','0.200001'
'2978','0.200001'
'2979','0.200001'
'2980','0.200001'
'2981','0.200001'
'2982','0.2'
'2983','0.200001'
'2984','0.200001'
'2985','0.200001'
'2986','0.200001'
'2987','0.2'
'2988','0.200001'
'2989','0.2'
'2990','0.200001'
'2991','0.200001'
'2992','0.2'
'2993','0.200001'
'2994','0.200001'
'2995','0.2'
'2996','0.2'
'2997','0.200001'
'2998','0.200001'
'2999','0.200001'
